-- ============================================================
-- 上门洗衣预约服务系统 - 测试数据
-- ============================================================

USE laundry_service;

SET NAMES utf8mb4;
SET CHARACTER_SET_CLIENT = utf8mb4;
SET CHARACTER_SET_RESULTS = utf8mb4;
SET CHARACTER_SET_CONNECTION = utf8mb4;

-- -----------------------------------------------------------
-- 1. 系统用户（密码均为 123456 的BCrypt加密）
-- 测试账号：admin/123456  user1~user5/123456  rider1~rider3/123456
-- BCrypt('123456') = $2a$10$N.zmdr9k7uOCQb376NoUnuTJ8iAt6Z5EHsM8lE9lBOsl7iKTVKIUi
-- -----------------------------------------------------------
INSERT INTO sys_user (id, username, password, nickname, phone, gender, role, status) VALUES
(1, 'admin', '$2a$10$N.zmdr9k7uOCQb376NoUnuTJ8iAt6Z5EHsM8lE9lBOsl7iKTVKIUi', '系统管理员', '13800000000', 1, 'ADMIN', 1),
(2, 'user1', '$2a$10$N.zmdr9k7uOCQb376NoUnuTJ8iAt6Z5EHsM8lE9lBOsl7iKTVKIUi', '张伟', '13800000001', 1, 'USER', 1),
(3, 'user2', '$2a$10$N.zmdr9k7uOCQb376NoUnuTJ8iAt6Z5EHsM8lE9lBOsl7iKTVKIUi', '李娟', '13800000002', 2, 'USER', 1),
(4, 'user3', '$2a$10$N.zmdr9k7uOCQb376NoUnuTJ8iAt6Z5EHsM8lE9lBOsl7iKTVKIUi', '王强', '13800000003', 1, 'USER', 1),
(5, 'user4', '$2a$10$N.zmdr9k7uOCQb376NoUnuTJ8iAt6Z5EHsM8lE9lBOsl7iKTVKIUi', '赵丽', '13800000004', 2, 'USER', 1),
(6, 'user5', '$2a$10$N.zmdr9k7uOCQb376NoUnuTJ8iAt6Z5EHsM8lE9lBOsl7iKTVKIUi', '刘洋', '13800000005', 1, 'USER', 1),
(7, 'rider1', '$2a$10$N.zmdr9k7uOCQb376NoUnuTJ8iAt6Z5EHsM8lE9lBOsl7iKTVKIUi', '骑手小陈', '13900000001', 1, 'RIDER', 1),
(8, 'rider2', '$2a$10$N.zmdr9k7uOCQb376NoUnuTJ8iAt6Z5EHsM8lE9lBOsl7iKTVKIUi', '骑手小周', '13900000002', 1, 'RIDER', 1),
(9, 'rider3', '$2a$10$N.zmdr9k7uOCQb376NoUnuTJ8iAt6Z5EHsM8lE9lBOsl7iKTVKIUi', '骑手小吴', '13900000003', 2, 'RIDER', 1);

-- -----------------------------------------------------------
-- 2. 用户地址
-- -----------------------------------------------------------
INSERT INTO user_address (id, user_id, contact_name, contact_phone, province, city, district, detail, is_default) VALUES
(1,  2, '张伟', '13800000001', '河南省', '郑州市', '新郑市', '龙湖镇西亚斯学院1号宿舍楼302', 1),
(2,  2, '张伟', '13800000001', '河南省', '郑州市', '金水区', '经三路财富广场A座1208', 0),
(3,  3, '李娟', '13800000002', '河南省', '郑州市', '新郑市', '龙湖镇西亚斯学院3号宿舍楼518', 1),
(4,  4, '王强', '13800000003', '河南省', '郑州市', '二七区', '大学路政通路升龙国际B座908', 1),
(5,  4, '王强', '13800000003', '河南省', '郑州市', '中原区', '桐柏路建设路锦艺城2号楼1506', 0),
(6,  5, '赵丽', '13800000004', '河南省', '郑州市', '新郑市', '龙湖镇西亚斯学院5号宿舍楼203', 1),
(7,  6, '刘洋', '13800000005', '河南省', '郑州市', '惠济区', '开元路普罗旺世小区12号楼601', 1),
(8,  3, '李娟', '13800000002', '河南省', '郑州市', '管城区', '紫荆山路商城路裕鸿花园3栋402', 0),
(9,  5, '赵丽妈妈', '13700000001', '河南省', '郑州市', '高新区', '科学大道正弘数码港3号楼1201', 0),
(10, 6, '刘洋', '13800000005', '河南省', '郑州市', '金水区', '农业路花园路国贸中心A座2003', 0);

-- -----------------------------------------------------------
-- 3. 服务项目
-- -----------------------------------------------------------
INSERT INTO service_item (id, name, category, description, price, unit, sort_order, status) VALUES
(1,  '衬衫水洗',     '衬衫', '专业水洗，去渍护色',       8.00, '件', 1,  1),
(2,  '衬衫干洗',     '衬衫', '干洗护理，不缩水不变形',   15.00, '件', 2,  1),
(3,  'T恤水洗',      '上装', '轻柔水洗，保持版型',       6.00, '件', 3,  1),
(4,  '外套干洗',     '外套', '专业干洗，去污除味',       25.00, '件', 4,  1),
(5,  '羽绒服干洗',   '外套', '羽绒专洗，蓬松如新',       45.00, '件', 5,  1),
(6,  '西装干洗',     '套装', '高级干洗，熨烫定型',       35.00, '件', 6,  1),
(7,  '裤装水洗',     '裤装', '水洗去渍，整烫平整',       10.00, '条', 7,  1),
(8,  '裤装干洗',     '裤装', '干洗护理，挺括持久',       18.00, '条', 8,  1),
(9,  '裙装干洗',     '裙装', '精致干洗，呵护面料',       20.00, '条', 9,  1),
(10, '床单水洗',     '床品', '深度清洁，除螨杀菌',       12.00, '件', 10, 1),
(11, '被套水洗',     '床品', '整套水洗，蓬松柔软',       15.00, '件', 11, 1),
(12, '四件套水洗',   '床品', '床单被套枕套全套清洗',     40.00, '套', 12, 1),
(13, '窗帘干洗',     '特殊', '大件窗帘专业干洗',         30.00, '幅', 13, 1),
(14, '皮衣护理',     '特殊', '皮衣清洁+上油保养',       80.00, '件', 14, 1),
(15, '鞋类清洗',     '特殊', '运动鞋/皮鞋深度清洗',     25.00, '双', 15, 1);

-- -----------------------------------------------------------
-- 4. 服务区域
-- -----------------------------------------------------------
INSERT INTO service_area (id, name, city, district, description, status) VALUES
(1, '西亚斯校区',    '郑州市', '新郑市', '西亚斯学院校园及周边1公里范围', 1),
(2, '龙湖镇区',      '郑州市', '新郑市', '龙湖镇主要住宅区',           1),
(3, '金水区中心',    '郑州市', '金水区', '金水区核心商圈3公里范围',     1),
(4, '二七区中心',    '郑州市', '二七区', '二七广场周边5公里范围',       1),
(5, '高新区科学大道', '郑州市', '高新区', '科学大道沿线5公里范围',       1);

-- -----------------------------------------------------------
-- 5. 时段容量（未来7天的时段）
-- -----------------------------------------------------------
INSERT INTO time_slot (id, slot_date, start_time, end_time, capacity, booked_count, area_id, status) VALUES
(1,  '2026-02-21', '09:00', '11:00', 10, 3, 1, 1),
(2,  '2026-02-21', '11:00', '13:00', 10, 2, 1, 1),
(3,  '2026-02-21', '14:00', '16:00', 10, 5, 1, 1),
(4,  '2026-02-21', '16:00', '18:00', 10, 1, 1, 1),
(5,  '2026-02-22', '09:00', '11:00', 10, 0, 1, 1),
(6,  '2026-02-22', '11:00', '13:00', 10, 0, 1, 1),
(7,  '2026-02-22', '14:00', '16:00', 10, 0, 1, 1),
(8,  '2026-02-22', '16:00', '18:00', 10, 0, 1, 1),
(9,  '2026-02-21', '09:00', '11:00', 8,  2, 2, 1),
(10, '2026-02-21', '14:00', '16:00', 8,  4, 2, 1),
(11, '2026-02-22', '09:00', '11:00', 8,  0, 2, 1),
(12, '2026-02-22', '14:00', '16:00', 8,  0, 2, 1),
(13, '2026-02-21', '09:00', '11:00', 12, 6, 3, 1),
(14, '2026-02-21', '14:00', '16:00', 12, 3, 3, 1),
(15, '2026-02-23', '09:00', '11:00', 10, 0, 1, 1),
(16, '2026-02-23', '14:00', '16:00', 10, 0, 1, 1),
(17, '2026-02-24', '09:00', '11:00', 10, 0, 1, 1),
(18, '2026-02-24', '14:00', '16:00', 10, 0, 1, 1),
(19, '2026-02-25', '09:00', '11:00', 10, 0, 1, 1),
(20, '2026-02-25', '14:00', '16:00', 10, 0, 1, 1);

-- -----------------------------------------------------------
-- 6. 订单（覆盖多种状态）
-- -----------------------------------------------------------
INSERT INTO laundry_order (id, order_no, user_id, address_id, address_detail, contact_name, contact_phone, time_slot_id, pickup_date, pickup_time, total_amount, pay_amount, status, remark, created_at) VALUES
(1,  'LD20260218001', 2, 1, '龙湖镇西亚斯学院1号宿舍楼302', '张伟', '13800000001', 1,  '2026-02-21', '09:00-11:00', 53.00,  53.00,  'COMPLETED',    '请轻拿轻放',       '2026-02-18 10:30:00'),
(2,  'LD20260218002', 2, 1, '龙湖镇西亚斯学院1号宿舍楼302', '张伟', '13800000001', 3,  '2026-02-21', '14:00-16:00', 80.00,  80.00,  'WASHED',       NULL,                '2026-02-18 14:20:00'),
(3,  'LD20260218003', 3, 3, '龙湖镇西亚斯学院3号宿舍楼518', '李娟', '13800000002', 1,  '2026-02-21', '09:00-11:00', 35.00,  35.00,  'DELIVERING',   '周六取件',          '2026-02-18 16:00:00'),
(4,  'LD20260219001', 3, 3, '龙湖镇西亚斯学院3号宿舍楼518', '李娟', '13800000002', 2,  '2026-02-21', '11:00-13:00', 25.00,  25.00,  'WASHING',      NULL,                '2026-02-19 09:10:00'),
(5,  'LD20260219002', 4, 4, '大学路政通路升龙国际B座908',    '王强', '13800000003', 13, '2026-02-21', '09:00-11:00', 45.00,  45.00,  'PICKED_UP',    '外套注意分开洗',    '2026-02-19 10:30:00'),
(6,  'LD20260219003', 4, 4, '大学路政通路升龙国际B座908',    '王强', '13800000003', 14, '2026-02-21', '14:00-16:00', 120.00, 120.00, 'ASSIGNED',     NULL,                '2026-02-19 11:00:00'),
(7,  'LD20260219004', 5, 6, '龙湖镇西亚斯学院5号宿舍楼203', '赵丽', '13800000004', 3,  '2026-02-21', '14:00-16:00', 62.00,  62.00,  'PAID',         '有一件白衬衫',      '2026-02-19 14:00:00'),
(8,  'LD20260219005', 5, 6, '龙湖镇西亚斯学院5号宿舍楼203', '赵丽', '13800000004', 9,  '2026-02-21', '09:00-11:00', 40.00,  NULL,   'PENDING_PAY',  NULL,                '2026-02-19 15:30:00'),
(9,  'LD20260219006', 6, 7, '开元路普罗旺世小区12号楼601',   '刘洋', '13800000005', 3,  '2026-02-21', '14:00-16:00', 98.00,  98.00,  'COMPLETED',    '床品全套',          '2026-02-19 16:00:00'),
(10, 'LD20260219007', 6, 7, '开元路普罗旺世小区12号楼601',   '刘洋', '13800000005', 10, '2026-02-21', '14:00-16:00', 55.00,  55.00,  'COMPLETED',    NULL,                '2026-02-19 17:00:00'),
(11, 'LD20260220001', 2, 2, '经三路财富广场A座1208',         '张伟', '13800000001', 13, '2026-02-21', '09:00-11:00', 70.00,  70.00,  'PAID',         '干洗外套',          '2026-02-20 08:00:00'),
(12, 'LD20260220002', 3, 8, '紫荆山路商城路裕鸿花园3栋402',  '李娟', '13800000002', 14, '2026-02-21', '14:00-16:00', 28.00,  28.00,  'PAID',         NULL,                '2026-02-20 09:00:00'),
(13, 'LD20260220003', 4, 5, '桐柏路建设路锦艺城2号楼1506',   '王强', '13800000003', 1,  '2026-02-21', '09:00-11:00', 15.00,  15.00,  'CANCELLED',    '临时有事取消', '2026-02-20 10:00:00'),
(14, 'LD20260220004', 5, 9, '科学大道正弘数码港3号楼1201',   '赵丽妈妈', '13700000001', 3, '2026-02-21', '14:00-16:00', 160.00, 160.00, 'ASSIGNED',  '皮衣+羽绒服',       '2026-02-20 11:00:00'),
(15, 'LD20260220005', 6, 10, '农业路花园路国贸中心A座2003',  '刘洋', '13800000005', 4,  '2026-02-21', '16:00-18:00', 33.00,  33.00,  'PAID',         NULL,                '2026-02-20 12:00:00');

-- -----------------------------------------------------------
-- 7. 订单项
-- -----------------------------------------------------------
INSERT INTO order_item (id, order_id, service_item_id, service_name, price, quantity, subtotal) VALUES
(1,  1,  1,  '衬衫水洗',   8.00,  2, 16.00),
(2,  1,  5,  '羽绒服干洗', 45.00, 1, 45.00),
(3,  1,  3,  'T恤水洗',    6.00,  1, 6.00),
(4,  2,  14, '皮衣护理',   80.00, 1, 80.00),
(5,  3,  6,  '西装干洗',   35.00, 1, 35.00),
(6,  4,  4,  '外套干洗',   25.00, 1, 25.00),
(7,  5,  5,  '羽绒服干洗', 45.00, 1, 45.00),
(8,  6,  12, '四件套水洗', 40.00, 2, 80.00),
(9,  6,  10, '床单水洗',   12.00, 2, 24.00),
(10, 6,  11, '被套水洗',   15.00, 1, 15.00),
(11, 7,  1,  '衬衫水洗',   8.00,  2, 16.00),
(12, 7,  7,  '裤装水洗',   10.00, 2, 20.00),
(13, 7,  3,  'T恤水洗',    6.00,  1, 6.00),
(14, 8,  12, '四件套水洗', 40.00, 1, 40.00),
(15, 9,  5,  '羽绒服干洗', 45.00, 1, 45.00),
(16, 9,  1,  '衬衫水洗',   8.00,  3, 24.00),
(17, 9,  7,  '裤装水洗',   10.00, 1, 10.00),
(18, 10, 4,  '外套干洗',   25.00, 1, 25.00),
(19, 10, 13, '窗帘干洗',   30.00, 1, 30.00),
(20, 11, 4,  '外套干洗',   25.00, 2, 50.00),
(21, 11, 9,  '裙装干洗',   20.00, 1, 20.00),
(22, 12, 1,  '衬衫水洗',   8.00,  1, 8.00),
(23, 12, 9,  '裙装干洗',   20.00, 1, 20.00),
(24, 13, 2,  '衬衫干洗',   15.00, 1, 15.00),
(25, 14, 14, '皮衣护理',   80.00, 1, 80.00),
(26, 14, 5,  '羽绒服干洗', 45.00, 1, 45.00),
(27, 14, 6,  '西装干洗',   35.00, 1, 35.00),
(28, 15, 1,  '衬衫水洗',   8.00,  1, 8.00),
(29, 15, 15, '鞋类清洗',   25.00, 1, 25.00);

-- -----------------------------------------------------------
-- 8. 支付流水
-- -----------------------------------------------------------
INSERT INTO payment (id, payment_no, order_id, order_no, user_id, amount, pay_method, status, paid_at) VALUES
(1,  'PAY20260218001', 1,  'LD20260218001', 2, 53.00,  'WECHAT', 'SUCCESS', '2026-02-18 10:32:00'),
(2,  'PAY20260218002', 2,  'LD20260218002', 2, 80.00,  'ALIPAY', 'SUCCESS', '2026-02-18 14:22:00'),
(3,  'PAY20260218003', 3,  'LD20260218003', 3, 35.00,  'WECHAT', 'SUCCESS', '2026-02-18 16:02:00'),
(4,  'PAY20260219001', 4,  'LD20260219001', 3, 25.00,  'WECHAT', 'SUCCESS', '2026-02-19 09:12:00'),
(5,  'PAY20260219002', 5,  'LD20260219002', 4, 45.00,  'ALIPAY', 'SUCCESS', '2026-02-19 10:32:00'),
(6,  'PAY20260219003', 6,  'LD20260219003', 4, 120.00, 'WECHAT', 'SUCCESS', '2026-02-19 11:02:00'),
(7,  'PAY20260219004', 7,  'LD20260219004', 5, 62.00,  'WECHAT', 'SUCCESS', '2026-02-19 14:02:00'),
(8,  'PAY20260219006', 9,  'LD20260219006', 6, 98.00,  'ALIPAY', 'SUCCESS', '2026-02-19 16:02:00'),
(9,  'PAY20260219007', 10, 'LD20260219007', 6, 55.00,  'WECHAT', 'SUCCESS', '2026-02-19 17:02:00'),
(10, 'PAY20260220001', 11, 'LD20260220001', 2, 70.00,  'WECHAT', 'SUCCESS', '2026-02-20 08:02:00'),
(11, 'PAY20260220002', 12, 'LD20260220002', 3, 28.00,  'ALIPAY', 'SUCCESS', '2026-02-20 09:02:00'),
(12, 'PAY20260220003', 13, 'LD20260220003', 4, 15.00,  'WECHAT', 'REFUNDED', '2026-02-20 10:02:00'),
(13, 'PAY20260220004', 14, 'LD20260220004', 5, 160.00, 'WECHAT', 'SUCCESS', '2026-02-20 11:02:00'),
(14, 'PAY20260220005', 15, 'LD20260220005', 6, 33.00,  'ALIPAY', 'SUCCESS', '2026-02-20 12:02:00');

-- -----------------------------------------------------------
-- 9. 骑手派单
-- -----------------------------------------------------------
INSERT INTO rider_assignment (id, order_id, order_no, rider_id, type, status, assigned_at, accepted_at, completed_at) VALUES
(1,  1,  'LD20260218001', 7, 'PICKUP',  'COMPLETED', '2026-02-18 10:35:00', '2026-02-18 10:40:00', '2026-02-18 11:20:00'),
(2,  1,  'LD20260218001', 7, 'DELIVER', 'COMPLETED', '2026-02-19 14:00:00', '2026-02-19 14:05:00', '2026-02-19 15:00:00'),
(3,  2,  'LD20260218002', 8, 'PICKUP',  'COMPLETED', '2026-02-18 14:30:00', '2026-02-18 14:35:00', '2026-02-18 15:20:00'),
(4,  3,  'LD20260218003', 7, 'PICKUP',  'COMPLETED', '2026-02-18 16:10:00', '2026-02-18 16:15:00', '2026-02-18 17:00:00'),
(5,  3,  'LD20260218003', 9, 'DELIVER', 'ACCEPTED',  '2026-02-20 09:00:00', '2026-02-20 09:10:00', NULL),
(6,  4,  'LD20260219001', 8, 'PICKUP',  'COMPLETED', '2026-02-19 09:20:00', '2026-02-19 09:25:00', '2026-02-19 10:00:00'),
(7,  5,  'LD20260219002', 9, 'PICKUP',  'ACCEPTED',  '2026-02-19 10:40:00', '2026-02-19 10:45:00', NULL),
(8,  6,  'LD20260219003', 7, 'PICKUP',  'PENDING',   '2026-02-19 11:10:00', NULL,                  NULL),
(9,  9,  'LD20260219006', 8, 'PICKUP',  'COMPLETED', '2026-02-19 16:10:00', '2026-02-19 16:15:00', '2026-02-19 17:00:00'),
(10, 9,  'LD20260219006', 8, 'DELIVER', 'COMPLETED', '2026-02-20 10:00:00', '2026-02-20 10:05:00', '2026-02-20 11:00:00'),
(11, 10, 'LD20260219007', 9, 'PICKUP',  'COMPLETED', '2026-02-19 17:10:00', '2026-02-19 17:15:00', '2026-02-19 18:00:00'),
(12, 10, 'LD20260219007', 9, 'DELIVER', 'COMPLETED', '2026-02-20 14:00:00', '2026-02-20 14:05:00', '2026-02-20 15:00:00'),
(13, 14, 'LD20260220004', 7, 'PICKUP',  'PENDING',   '2026-02-20 11:10:00', NULL,                  NULL);

-- -----------------------------------------------------------
-- 10. 评价
-- -----------------------------------------------------------
INSERT INTO review (id, order_id, order_no, user_id, rating, content, reply, replied_at, created_at) VALUES
(1, 1,  'LD20260218001', 2, 5, '衣服洗得很干净，骑手也很准时，满分好评！', '感谢您的认可，我们会继续努力！', '2026-02-20 09:00:00', '2026-02-19 16:00:00'),
(2, 9,  'LD20260219006', 6, 4, '整体不错，床品洗完很蓬松，就是取件稍微晚了一点。', NULL, NULL, '2026-02-20 12:00:00'),
(3, 10, 'LD20260219007', 6, 5, '窗帘洗得焕然一新，强烈推荐！', '谢谢好评！欢迎再次使用～', '2026-02-20 16:00:00', '2026-02-20 15:30:00'),
(4, 1,  'LD20260218001', 2, 4, '羽绒服洗后很蓬松但有点小褶皱，总体满意。', NULL, NULL, '2026-02-20 10:00:00');

-- -----------------------------------------------------------
-- 11. 投诉
-- -----------------------------------------------------------
INSERT INTO complaint (id, complaint_no, order_id, order_no, user_id, type, content, status, handler_id, handle_result, handled_at, created_at) VALUES
(1, 'CP20260219001', 2, 'LD20260218002', 2, '服务质量', '皮衣上有一处未清洁干净的污渍，希望能重新清洗。', 'PROCESSING', 1, NULL, NULL, '2026-02-19 18:00:00'),
(2, 'CP20260220001', 4, 'LD20260219001', 3, '取送延迟', '骑手取件比约定时间晚了40分钟，希望能改善调度。', 'RESOLVED', 1, '已与骑手沟通并进行培训，感谢您的反馈。对此次延误深表歉意，已为您赠送一张5元优惠券。', '2026-02-20 14:00:00', '2026-02-20 08:00:00'),
(3, 'CP20260220002', 13, 'LD20260220003', 4, '价格争议', '取消订单后退款金额不对，应退15元只退了10元。', 'PENDING', NULL, NULL, NULL, '2026-02-20 11:00:00');

-- -----------------------------------------------------------
-- 12. 公告
-- -----------------------------------------------------------
INSERT INTO announcement (id, title, content, type, is_top, status, publish_at, created_by) VALUES
(1, '春季洗衣大促，全场8折优惠！', '亲爱的用户，即日起至3月31日，所有洗衣服务享受8折优惠！衬衫低至6.4元/件，赶快下单吧！活动期间下单满100元还可额外获得精美衣物收纳袋一个。', 'PROMOTION', 1, 1, '2026-02-15 08:00:00', 1),
(2, '新增高新区服务覆盖范围', '应广大用户需求，我们的服务范围已扩展至高新区科学大道沿线5公里范围。欢迎高新区的朋友们下单体验！', 'NOTICE', 0, 1, '2026-02-18 10:00:00', 1),
(3, '系统维护通知', '尊敬的用户，系统将于2026年3月1日凌晨2:00-4:00进行例行维护，届时将暂停下单服务，给您带来不便敬请谅解。', 'SYSTEM', 0, 1, '2026-02-20 09:00:00', 1),
(4, '招募骑手合伙人', '我们正在招募更多骑手合伙人！灵活工作时间，多劳多得。有意者请联系客服热线400-888-9999或在骑手端APP提交申请。', 'NOTICE', 0, 1, '2026-02-10 08:00:00', 1),
(5, '会员积分制度上线公告（草稿）', '未来将推出会员积分制度，每消费1元积1分，积分可抵扣现金或兑换精美礼品。敬请期待！', 'NOTICE', 0, 0, NULL, 1);

-- -----------------------------------------------------------
-- 13. 系统配置
-- -----------------------------------------------------------
INSERT INTO system_config (config_key, config_value, description) VALUES
('site_name',           '洁衣到家',              '站点名称'),
('site_description',    '专业上门洗衣预约服务',    '站点描述'),
('service_phone',       '400-888-9999',          '客服电话'),
('min_order_amount',    '20',                    '最低起送金额(元)'),
('delivery_fee',        '0',                     '配送费(元)，0为免费配送'),
('cancel_time_limit',   '30',                    '下单后可免费取消的时限(分钟)'),
('default_wash_days',   '2',                     '默认清洗时长(天)'),
('rider_commission_rate', '0.15',                '骑手佣金比例'),
('max_daily_orders',    '100',                   '每日最大接单量');

-- -----------------------------------------------------------
-- 14. 操作日志（示例）
-- -----------------------------------------------------------
INSERT INTO operation_log (user_id, username, module, action, description, method, url, ip, cost_time, created_at) VALUES
(1, 'admin', '服务项目', '新增',   '新增服务项目：鞋类清洗',        'POST',   '/api/service-items',    '127.0.0.1', 45,  '2026-02-15 09:00:00'),
(1, 'admin', '公告管理', '发布',   '发布公告：春季洗衣大促',        'PUT',    '/api/announcements/1',  '127.0.0.1', 32,  '2026-02-15 09:30:00'),
(1, 'admin', '服务区域', '新增',   '新增服务区域：高新区科学大道',   'POST',   '/api/service-areas',    '127.0.0.1', 28,  '2026-02-18 09:00:00'),
(1, 'admin', '投诉处理', '处理',   '处理投诉 CP20260220001',       'PUT',    '/api/complaints/2',     '127.0.0.1', 55,  '2026-02-20 14:00:00'),
(2, 'user1', '订单管理', '下单',   '创建订单 LD20260218001',       'POST',   '/api/orders',           '192.168.1.10', 120, '2026-02-18 10:30:00'),
(7, 'rider1', '派单管理', '接单',  '骑手接单 LD20260218001',       'PUT',    '/api/rider-assignments/1', '192.168.1.20', 35, '2026-02-18 10:40:00');

-- -----------------------------------------------------------
-- 15. 骑手收入
-- -----------------------------------------------------------
INSERT INTO rider_income (rider_id, `year_month`, total_orders, total_income) VALUES
(7, '2026-01', 45, 1350.00),
(7, '2026-02', 28, 840.00),
(8, '2026-01', 38, 1140.00),
(8, '2026-02', 22, 660.00),
(9, '2026-01', 30, 900.00),
(9, '2026-02', 18, 540.00);
